product_category_name,product_category_name_english,product_category_name_spanish
beleza_saude,health_beauty,salud_belleza
informatica_acessorios,computers_accessories,computacion_accesorios
automotivo,auto,automotor
cama_mesa_banho,bed_bath_table,cama_baño_mesa
moveis_decoracao,furniture_decor,muebles_decoracion
esporte_lazer,sports_leisure,deportes_tiempo_libre
perfumaria,perfumery,perfumeria
utilidades_domesticas,housewares,articulos_hogar
telefonia,telephony,telefonia
relogios_presentes,watches_gifts,relojes_regalos
alimentos_bebidas,food_drink,alimentos_bebidas
bebes,baby,bebes
papelaria,stationery,libreria
tablets_impressao_imagem,tablets_printing_image,tablets_impresion_imagen
brinquedos,toys,juguetes
telefonia_fixa,fixed_telephony,telefonia_fija
ferramentas_jardim,garden_tools,herramientas_jardin
fashion_bolsas_e_acessorios,fashion_bags_accessories,moda_bolsos_accesorios
eletroportateis,small_appliances,pequeños_electrodomesticos
consoles_games,consoles_games,consolas_videojuegos
audio,audio,audio
fashion_calcados,fashion_shoes,calzado
cool_stuff,cool_stuff,productos_originales
malas_acessorios,luggage_accessories,valijas_accesorios
climatizacao,air_conditioning,aire_acondicionado
construcao_ferramentas_construcao,construction_tools_construction,herramientas_construccion
moveis_cozinha_area_de_servico_jantar_e_jardim,kitchen_dining_laundry_garden_furniture,muebles_cocina_comedor_lavadero_jardin
construcao_ferramentas_jardim,costruction_tools_garden,herramientas_jardin
fashion_roupa_masculina,fashion_male_clothing,ropa_hombre
pet_shop,pet_shop,mascotas
moveis_escritorio,office_furniture,muebles_oficina
market_place,market_place,marketplace
eletronicos,electronics,electronica
eletrodomesticos,home_appliances,electrodomesticos
artigos_de_festas,party_supplies,articulos_fiestas
casa_conforto,home_confort,confort_hogar
construcao_ferramentas_ferramentas,costruction_tools_tools,herramientas
agro_industria_e_comercio,agro_industry_and_commerce,agro_industria_comercio
moveis_colchao_e_estofado,furniture_mattress_and_upholstery,colchones_tapizados
livros_tecnicos,books_technical,libros_tecnicos
casa_construcao,home_construction,construccion_hogar
instrumentos_musicais,musical_instruments,instrumentos_musicales
moveis_sala,furniture_living_room,muebles_living
construcao_ferramentas_iluminacao,construction_tools_lights,iluminacion_construccion
industria_comercio_e_negocios,industry_commerce_and_business,industria_comercio_empresas
alimentos,food,alimentos
artes,art,arte
moveis_quarto,furniture_bedroom,muebles_dormitorio
livros_interesse_geral,books_general_interest,libros_interes_general
construcao_ferramentas_seguranca,construction_tools_safety,seguridad_construccion
fashion_underwear_e_moda_praia,fashion_underwear_beach,ropa_interior_playa
fashion_esporte,fashion_sport,ropa_deportiva
sinalizacao_e_seguranca,signaling_and_security,señalizacion_seguridad
pcs,computers,computacion
artigos_de_natal,christmas_supplies,articulos_navidad
fashion_roupa_feminina,fashio_female_clothing,ropa_mujer
eletrodomesticos_2,home_appliances_2,electrodomesticos_2
livros_importados,books_imported,libros_importados
bebidas,drinks,bebidas
cine_foto,cine_photo,cine_fotografia
la_cuisine,la_cuisine,cocina_gourmet
musica,music,musica
casa_conforto_2,home_comfort_2,confort_hogar_2
portateis_casa_forno_e_cafe,small_appliances_home_oven_and_coffee,pequeños_electrodomesticos_hornos_cafeteras
cds_dvds_musicais,cds_dvds_musicals,cds_dvds_musicales
dvds_blu_ray,dvds_blu_ray,dvds_blu_ray
flores,flowers,flores
artes_e_artesanato,arts_and_craftmanship,artesanias_manualidades
fraldas_higiene,diapers_and_hygiene,pañales_higiene
fashion_roupa_infanto_juvenil,fashion_childrens_clothes,ropa_infantil
seguros_e_servicos,security_and_services,seguridad_servicios
